<?xml version="1.0" encoding="UTF-8"?>
<project-private xmlns="http://www.netbeans.org/ns/project-private/1">
    <editor-bookmarks xmlns="http://www.netbeans.org/ns/editor-bookmarks/2" lastBookmarkId="0"/>
    <open-files xmlns="http://www.netbeans.org/ns/projectui-open-files/2">
        <group>
            <file>file:/C:/Users/Asad/OneDrive/Desktop/Midterm/src/midterm/Subject.java</file>
            <file>file:/C:/Users/Asad/OneDrive/Desktop/Midterm/src/midterm/User.java</file>
            <file>file:/C:/Users/Asad/OneDrive/Desktop/Midterm/src/midterm/Observer.java</file>
            <file>file:/C:/Users/Asad/OneDrive/Desktop/Midterm/src/midterm/CricketMatch.java</file>
            <file>file:/C:/Users/Asad/OneDrive/Desktop/Midterm/src/midterm/MatchCoverageScreen.java</file>
            <file>file:/C:/Users/Asad/OneDrive/Desktop/Midterm/src/midterm/Main.java</file>
            <file>file:/C:/Users/Asad/OneDrive/Desktop/Midterm/src/midterm/MainScreen.java</file>
        </group>
    </open-files>
</project-private>
